Workbook

Sheet Formulář
B3: Název akce: | D3: Oprava střechy ZŠ Komenského
B5: Investor: | D5: Město Kolín
B7: Zhotovitel: | D7: =IF(A1="","",A1)
B9: IČO: | D9: =IF(A1="","",A1)
B11: Místo stavby: | D11: Kolín, Komenského 395
B13: Termín zahájení: | D13: 45383
B15: Termín dokončení: | D15: =IF(A1="","",A1)
B17: Rozpočet celkem: | D17: =SUM(X1:X2) -> 1250000
B19: Odpovědná osoba: | D19: =IF(A1="","",A1)
B21: Telefon: | D21: =IF(A1="","",A1)
B23: E-mail: | D23: =IF(A1="","",A1)
B25: Poznámka: | D25: =IF(A1="","",A1)

Sheet Rozpočet
A1: Datum | B1: Položka | C1: MJ | D1: Množství | E1: Cena/MJ | F1: Celkem | G1: DPH | H1: S DPH | I1: Kontrola | J1: Středisko | K1: Pozn. | L1: Index
A2: 45294 | B2: =IF(A1="","",A1) | C2: =IF(A1="","",A1) | F2: =SUM(X1:X2) -> 0 | G2: =SUM(X1:X2) -> 0 | H2: =SUM(X1:X2) -> 0 | I2: =VLOOKUP(A1,Lists!A:B,2,0) | J2: =IF(A1="","",A1) | K2: =VLOOKUP(A1,Lists!A:B,2,0) -> #N/A | L2: =IF(A1="","",A1)
A3: 45295 | B3: Lešení | C3: m2 | D3: 9 | E3: 0.1 | F3: =SUM(X1:X2) -> 0.9 | G3: =SUM(X1:X2) -> 0 | H3: =SUM(X1:X2) -> 0 | I3: =VLOOKUP(A1,Lists!A:B,2,0) | J3: =IF(A1="","",A1) | K3: =VLOOKUP(A1,Lists!A:B,2,0) -> #N/A | L3: =IF(A1="","",A1)
A4: 45296 | B4: =IF(A1="","",A1) | C4: =IF(A1="","",A1) | F4: =SUM(X1:X2) -> 0 | G4: =SUM(X1:X2) -> 0 | H4: =SUM(X1:X2) -> 0 | I4: =VLOOKUP(A1,Lists!A:B,2,0) | J4: =IF(A1="","",A1) | K4: =VLOOKUP(A1,Lists!A:B,2,0) -> #N/A | L4: =IF(A1="","",A1)
A5: 45297 | B5: =IF(A1="","",A1) | C5: =IF(A1="","",A1) | F5: =SUM(X1:X2) -> 0 | G5: =SUM(X1:X2) -> 0 | H5: =SUM(X1:X2) -> 0 | I5: =VLOOKUP(A1,Lists!A:B,2,0) | J5: =IF(A1="","",A1) | K5: =VLOOKUP(A1,Lists!A:B,2,0) -> #N/A | L5: =IF(A1="","",A1)
A6: 45298 | B6: Krytina plechová | C6: m2 | D6: 18 | E6: 249.9 | F6: =SUM(X1:X2) -> 4498.2 | G6: =SUM(X1:X2) -> 0 | H6: =SUM(X1:X2) -> 0 | I6: =VLOOKUP(A1,Lists!A:B,2,0) | J6: =IF(A1="","",A1) | K6: =VLOOKUP(A1,Lists!A:B,2,0) -> #N/A | L6: =IF(A1="","",A1)
A7: 45299 | B7: =IF(A1="","",A1) | C7: =IF(A1="","",A1) | F7: =SUM(X1:X2) -> 0 | G7: =SUM(X1:X2) -> 0 | H7: =SUM(X1:X2) -> 0 | I7: =VLOOKUP(A1,Lists!A:B,2,0) | J7: =IF(A1="","",A1) | K7: =VLOOKUP(A1,Lists!A:B,2,0) -> #N/A | L7: =IF(A1="","",A1)
A8: 45300 | B8: =IF(A1="","",A1) | C8: =IF(A1="","",A1) | F8: =SUM(X1:X2) -> 0 | G8: =SUM(X1:X2) -> 0 | H8: =SUM(X1:X2) -> 0 | I8: =VLOOKUP(A1,Lists!A:B,2,0) | J8: =IF(A1="","",A1) | K8: =VLOOKUP(A1,Lists!A:B,2,0) -> #N/A | L8: =IF(A1="","",A1)
A9: 45301 | B9: Lešení | C9: m2 | D9: 27 | E9: 0.1 | F9: =SUM(X1:X2) -> 2.7 | G9: =SUM(X1:X2) -> 0 | H9: =SUM(X1:X2) -> 0 | I9: =VLOOKUP(A1,Lists!A:B,2,0) | J9: =IF(A1="","",A1) | K9: =VLOOKUP(A1,Lists!A:B,2,0) -> #N/A | L9: =IF(A1="","",A1)
A10: 45302 | B10: =IF(A1="","",A1) | C10: =IF(A1="","",A1) | F10: =SUM(X1:X2) -> 0 | G10: =SUM(X1:X2) -> 0 | H10: =SUM(X1:X2) -> 0 | I10: =VLOOKUP(A1,Lists!A:B,2,0) | J10: =IF(A1="","",A1) | K10: =VLOOKUP(A1,Lists!A:B,2,0) -> #N/A | L10: =IF(A1="","",A1)
A11: 45303 | B11: =IF(A1="","",A1) | C11: =IF(A1="","",A1) | F11: =SUM(X1:X2) -> 0 | G11: =SUM(X1:X2) -> 0 | H11: =SUM(X1:X2) -> 0 | I11: =VLOOKUP(A1,Lists!A:B,2,0) | J11: =IF(A1="","",A1) | K11: =VLOOKUP(A1,Lists!A:B,2,0) -> #N/A | L11: =IF(A1="","",A1)
A12: 45304 | B12: Krytina plechová | C12: m2 | D12: 36 | E12: 249.9 | F12: =SUM(X1:X2) -> 8996.4 | G12: =SUM(X1:X2) -> 0 | H12: =SUM(X1:X2) -> 0 | I12: =VLOOKUP(A1,Lists!A:B,2,0) | J12: =IF(A1="","",A1) | K12: =VLOOKUP(A1,Lists!A:B,2,0) -> #N/A | L12: =IF(A1="","",A1)
A13: 45305 | B13: =IF(A1="","",A1) | C13: =IF(A1="","",A1) | F13: =SUM(X1:X2) -> 0 | G13: =SUM(X1:X2) -> 0 | H13: =SUM(X1:X2) -> 0 | I13: =VLOOKUP(A1,Lists!A:B,2,0) | J13: =IF(A1="","",A1) | K13: =VLOOKUP(A1,Lists!A:B,2,0) -> #N/A | L13: =IF(A1="","",A1)
A14: 45306 | B14: =IF(A1="","",A1) | C14: =IF(A1="","",A1) | F14: =SUM(X1:X2) -> 0 | G14: =SUM(X1:X2) -> 0 | H14: =SUM(X1:X2) -> 0 | I14: =VLOOKUP(A1,Lists!A:B,2,0) | J14: =IF(A1="","",A1) | K14: =VLOOKUP(A1,Lists!A:B,2,0) -> #N/A | L14: =IF(A1="","",A1)
A15: 45307 | B15: Lešení | C15: m2 | D15: 45 | E15: 0.1 | F15: =SUM(X1:X2) -> 4.5 | G15: =SUM(X1:X2) -> 0 | H15: =SUM(X1:X2) -> 0 | I15: =VLOOKUP(A1,Lists!A:B,2,0) | J15: =IF(A1="","",A1) | K15: =VLOOKUP(A1,Lists!A:B,2,0) -> #N/A | L15: =IF(A1="","",A1)
A16: 45308 | B16: =IF(A1="","",A1) | C16: =IF(A1="","",A1) | F16: =SUM(X1:X2) -> 0 | G16: =SUM(X1:X2) -> 0 | H16: =SUM(X1:X2) -> 0 | I16: =VLOOKUP(A1,Lists!A:B,2,0) | J16: =IF(A1="","",A1) | K16: =VLOOKUP(A1,Lists!A:B,2,0) -> #N/A | L16: =IF(A1="","",A1)
A17: 45309 | B17: =IF(A1="","",A1) | C17: =IF(A1="","",A1) | F17: =SUM(X1:X2) -> 0 | G17: =SUM(X1:X2) -> 0 | H17: =SUM(X1:X2) -> 0 | I17: =VLOOKUP(A1,Lists!A:B,2,0) | J17: =IF(A1="","",A1) | K17: =VLOOKUP(A1,Lists!A:B,2,0) -> #N/A | L17: =IF(A1="","",A1)
A18: 45310 | B18: Krytina plechová | C18: m2 | D18: 54 | E18: 249.9 | F18: =SUM(X1:X2) -> 13494.6 | G18: =SUM(X1:X2) -> 0 | H18: =SUM(X1:X2) -> 0 | I18: =VLOOKUP(A1,Lists!A:B,2,0) | J18: =IF(A1="","",A1) | K18: =VLOOKUP(A1,Lists!A:B,2,0) -> #N/A | L18: =IF(A1="","",A1)
A19: 45311 | B19: =IF(A1="","",A1) | C19: =IF(A1="","",A1) | F19: =SUM(X1:X2) -> 0 | G19: =SUM(X1:X2) -> 0 | H19: =SUM(X1:X2) -> 0 | I19: =VLOOKUP(A1,Lists!A:B,2,0) | J19: =IF(A1="","",A1) | K19: =VLOOKUP(A1,Lists!A:B,2,0) -> #N/A | L19: =IF(A1="","",A1)
A20: 45312 | B20: =IF(A1="","",A1) | C20: =IF(A1="","",A1) | F20: =SUM(X1:X2) -> 0 | G20: =SUM(X1:X2) -> 0 | H20: =SUM(X1:X2) -> 0 | I20: =VLOOKUP(A1,Lists!A:B,2,0) | J20: =IF(A1="","",A1) | K20: =VLOOKUP(A1,Lists!A:B,2,0) -> #N/A | L20: =IF(A1="","",A1)
A21: 45313 | B21: Lešení | C21: m2 | D21: 63 | E21: 0.1 | F21: =SUM(X1:X2) -> 6.3 | G21: =SUM(X1:X2) -> 0 | H21: =SUM(X1:X2) -> 0 | I21: =VLOOKUP(A1,Lists!A:B,2,0) | J21: =IF(A1="","",A1) | K21: =VLOOKUP(A1,Lists!A:B,2,0) -> #N/A | L21: =IF(A1="","",A1)
A22: 45314 | B22: =IF(A1="","",A1) | C22: =IF(A1="","",A1) | F22: =SUM(X1:X2) -> 0 | G22: =SUM(X1:X2) -> 0 | H22: =SUM(X1:X2) -> 0 | I22: =VLOOKUP(A1,Lists!A:B,2,0) | J22: =IF(A1="","",A1) | K22: =VLOOKUP(A1,Lists!A:B,2,0) -> #N/A | L22: =IF(A1="","",A1)
A23: 45315 | B23: =IF(A1="","",A1) | C23: =IF(A1="","",A1) | F23: =SUM(X1:X2) -> 0 | G23: =SUM(X1:X2) -> 0 | H23: =SUM(X1:X2) -> 0 | I23: =VLOOKUP(A1,Lists!A:B,2,0) | J23: =IF(A1="","",A1) | K23: =VLOOKUP(A1,Lists!A:B,2,0) -> #N/A | L23: =IF(A1="","",A1)
A24: 45316 | B24: Krytina plechová | C24: m2 | D24: 72 | E24: 249.9 | F24: =SUM(X1:X2) -> 17992.8 | G24: =SUM(X1:X2) -> 0 | H24: =SUM(X1:X2) -> 0 | I24: =VLOOKUP(A1,Lists!A:B,2,0) | J24: =IF(A1="","",A1) | K24: =VLOOKUP(A1,Lists!A:B,2,0) -> #N/A | L24: =IF(A1="","",A1)
A25: 45317 | B25: =IF(A1="","",A1) | C25: =IF(A1="","",A1) | F25: =SUM(X1:X2) -> 0 | G25: =SUM(X1:X2) -> 0 | H25: =SUM(X1:X2) -> 0 | I25: =VLOOKUP(A1,Lists!A:B,2,0) | J25: =IF(A1="","",A1) | K25: =VLOOKUP(A1,Lists!A:B,2,0) -> #N/A | L25: =IF(A1="","",A1)

Sheet Lists
A1: Středisko 001 | B1: 1001 | C1: aktivní
A2: Středisko 002 | B2: 1002 | C2: aktivní
A3: Středisko 003 | B3: 1003 | C3: aktivní
A4: Středisko 004 | B4: 1004 | C4: aktivní
A5: Středisko 005 | B5: 1005 | C5: aktivní
A6: Středisko 006 | B6: 1006 | C6: aktivní
